job titles,company name,Location,Tmie and Skills
,,,
Python | Odoo Developer,Confidential -,"Cairo, Egypt",Full TimeManager · 2+ Yrs of Exp · IT/Software Development · Odoo · Python · Developer
,,,
Senior Python/AI Engineer,3i Vision LTD. -,"Hadayek Alahram, Giza, Egypt",Full TimeWork From HomeExperienced · 6 - 10 Yrs of Exp · IT/Software Development · Engineering - Telecom/Technology · Python · Docker · Computer Science · Software · Software Engineering · Design · Information Technology (IT) · Machine Learning
,,,
Sennior Python Django Backend Developer,Your Parts -,"Maadi, Cairo, Egypt",Full TimeExperienced · 4 - 6 Yrs of Exp · IT/Software Development · Engineering - Telecom/Technology · Python · Django · RESTful · FastAPI · Information Technology (IT) · Computer Science · javaScript · HTML5
,,,
Python Technical Lead,LINK Development -,"Cairo, Egypt",Full TimeManager · 7 - 9 Yrs of Exp · IT/Software Development · Computer Science · Information Technology (IT) · PHP · Web Development
,,,
Python Developer,ESLSCA University -,"Giza, Egypt",Full TimeExperienced · 4 - 7 Yrs of Exp · Education/Teaching · JavaScript · Software · Computer Engineering · Computer Science · Python · Software Development · Information Technology (IT) · Django · HTML
,,,
Senior Python Developer,DAF Holding -,"Cairo, Egypt",Full TimeExperienced · 4 - 5 Yrs of Exp · IT/Software Development · Python · AI · Odoo · Odoo ERP · Software Development
,,,
Python Developer,Integrated Technology Group -,"Heliopolis, Cairo, Egypt",Full TimeExperienced · 2 - 4 Yrs of Exp · IT/Software Development · ML · Python · TensorFlow · PyTorch
,,,
Python Web Developer - Graduate Position,Holix -,"Cairo, Egypt",Full TimeEntry Level · 0 - 3 Yrs of Exp · IT/Software Development · Python · Software Development · Software · CSS · Web Development
,,,
Odoo Developer & Business Analyst Consultant,Royal Herbs  -,"Haram, Giza, Egypt",Full TimeExperienced · 3 - 7 Yrs of Exp · Installation/Maintenance/Repair · IT/Software Development · Engineering - Telecom/Technology · Information Technology (IT) · Computer Science · Database · Engineering · Odoo · Python · Software
,,,
Telecommunication Support Engineer Senior Supervisor,Xceed Contact Center -,"Giza, Egypt",Full TimeManager · 6 - 6 Yrs of Exp · Engineering - Construction/Civil/Architecture · Java · Computer Science · SQL · Python
,,,
Machine Learning Operations (ML/Ops) Engineer - Team Lead,Brixio -,"Dubai, United Arab Emirates",Full TimeWork From HomeNot specified · IT/Software Development · Analyst/Research · Engineering - Telecom/Technology · Python · Machine Learning · Computer Science · Information Technology (IT) · Software Engineering · C++ · Startup
,,,
Senior AI Engineer (Computer Vision Focus),Lumin -,"Sheikh Zayed, Giza, Egypt",Full TimeExperienced · 2 - 5 Yrs of Exp · IT/Software Development · AI · Artificial Intelligence · Computer Vision · Machine Learning · TensorFlow · Python · Computer Science · Programming · PyTorch
,,,
Growth Analyst (CVM),Albostany for real estate Aggregated -,"Cairo, Egypt",Full TimeNot specified · IT/Software Development · Analyst/Research · Engineering - Telecom/Technology · information technology (it) · computer science · software development · software engineering · analysis · sql · data analysis
,,,
Senior Data Scientist,Teradata Aggregated -,"Cairo, Egypt",Full TimeNot specified · IT/Software Development · Analyst/Research · Engineering - Telecom/Technology · Computer Science · Information Technology (IT) · SQL · Python · Engineering · Data Analysis · Software Development
,,,
Data Scientist,Etihad Airways -,"Abu Dhabi, United Arab Emirates",Full TimeNot specified · IT/Software Development · Analyst/Research · Engineering - Telecom/Technology · Python · Computer Science · Information Technology (IT) · SQL · Data Science · Data Scientist · Machine Learning
,,,
Senior Lead - Investment Advisory- Private Banking,Emirates Islamic Bank -,"Dubai, United Arab Emirates",Full TimeNot specified · IT/Software Development · Marketing/PR/Advertising · Engineering - Telecom/Technology · Information Technology (IT) · Computer Science · Software Engineering · Software Development · Computer Engineering · Java · React
,,,
Would you like to teach in and around Dubai?,"SABIS® Network Schools UAE, Oman, Qatar and Bahrain -","Dubai, United Arab Emirates",Full TimeNot specified · IT/Software Development · Engineering - Telecom/Technology · Engineering - Mechanical/Electrical · information technology (it) · computer science · computer engineering · python · english · education · teaching
,,,
Reliability Engineer - Avionics,Riyadh Air -,"Riyadh, Saudi Arabia",Full TimeNot specified · IT/Software Development · Engineering - Telecom/Technology · Engineering - Mechanical/Electrical · Engineering · AWS · Computer Science · Information Technology (IT) · Mechanical Engineering · DevOps · Electrical Engineering
,,,
Reliability Engineer - Airframe,Riyadh Air -,"Riyadh, Saudi Arabia",Full TimeNot specified · IT/Software Development · Engineering - Telecom/Technology · Engineering - Mechanical/Electrical · Engineering · AWS · Computer Science · Information Technology (IT) · Mechanical Engineering · DevOps · Electrical Engineering
,,,
Data Analyst,Dsquares Aggregated -,"Cairo, Egypt",Full TimeNot specified · IT/Software Development · Analyst/Research · Engineering - Telecom/Technology · Data Analysis · Analysis · Computer Science · Information Technology (IT) · SQL · Microsoft Office · Microsoft Excel
,,,
Data Governance Engineer_VOIS,Vodafone - Egypt Aggregated -,"Cairo, Egypt",Full TimeNot specified · IT/Software Development · Engineering - Telecom/Technology · Engineering - Mechanical/Electrical · engineering · computer science · information technology (it) · sql · management · quality · science
,,,
System Administrator,Final Call -,"Mohandessin, Giza, Egypt",Full TimeExperienced · 3 - 5 Yrs of Exp · males_only · Installation/Maintenance/Repair · IT/Software Development · Engineering - Telecom/Technology · Communication · Computer Science · Engineering · Information Technology (IT) · MCSA · LAN · networks
,,,
Data Analyst,Kashier Payment Solutions -,"Zamalek, Cairo, Egypt",Full TimeEntry Level · 1 - 3 Yrs of Exp · IT/Software Development · Analyst/Research · Engineering - Telecom/Technology · Analysis · business · Computer Science · Data · Data Analysis · Database · ETL
,,,
Azure Administrator,VAM Systems Aggregated -,"Doha, Qatar",Full TimeNot specified · Installation/Maintenance/Repair · IT/Software Development · Engineering - Telecom/Technology · Information Technology (IT) · Computer Science · Azure · System Administration · Linux · AWS · Engineering
,,,
Sr. Data Engineer,illa Aggregated -,"Cairo, Egypt",Full TimeNot specified · IT/Software Development · Engineering - Telecom/Technology · Engineering - Mechanical/Electrical · Engineering · Information Technology (IT) · Computer Science · Software Development · Software Engineering · SQL · Computer Engineering
,,,
Jr./Sr. Data Analyst,illa Aggregated -,"Cairo, Egypt",Full TimeNot specified · IT/Software Development · Analyst/Research · Engineering - Telecom/Technology · information technology (it) · computer science · engineering · software · sql · analytical · business
,,,
Senior Presales Engineer,Progress Security Systems -,"Mohandessin, Giza, Egypt",Full TimeExperienced · 5 - 7 Yrs of Exp · IT/Software Development · Engineering - Telecom/Technology · Engineering - Mechanical/Electrical · Computer Science · Engineering · Information Technology (IT) · Java · Linux · MongoDB · MySQL
,,,
SW Senior DevOps Engineer_VOIS,Vodafone - Egypt Aggregated -,"Cairo, Egypt",Full TimeNot specified · Installation/Maintenance/Repair · IT/Software Development · Engineering - Telecom/Technology · Information Technology (IT) · Computer Science · DevOps · AWS · Software Engineering · Docker · Linux
,,,
Computer Science programmer,Mansoura Glass Co. -,"10th of Ramadan City, Sharqia, Egypt",Full TimeEntry Level · 1 - 5 Yrs of Exp · IT/Software Development · Programming · JavaScript · Python · Software · Software Development · CSS · HTML · Computer Science · Development
,,,
AI Engineer,Lucidya Aggregated -,"Riyadh, Saudi Arabia",Full TimeNot specified · IT/Software Development · Analyst/Research · Engineering - Telecom/Technology · AI · Information Technology (IT) · Computer Science · Engineering · Python · Software Engineering · NLP
,,,
Machine Learning Researcher,RDI -,"Dokki, Giza, Egypt",Full TimeEntry Level · 0 - 3 Yrs of Exp · R&D/Science · IT/Software Development · Engineering - Telecom/Technology · Machine Learning · Deep Learning · Python · TensorFlow · Computer Engineering · Computer Science · Flask
,,,
Data Privacy Analyst,Transguard group -,"Dubai, United Arab Emirates",Full TimeNot specified · IT/Software Development · Analyst/Research · Engineering - Telecom/Technology · Data Analysis · Analysis · Computer Science · Information Technology (IT) · Microsoft Office · SQL · Microsoft Excel
,,,
Learning & Development Manager - Pre-Opening,Al Manakha Rotana -,"Medina, Saudi Arabia",Full TimeNot specified · IT/Software Development · Engineering - Telecom/Technology · Education/Teaching · Education · Learning · Training · Information Technology (IT) · Computer Science · Teaching · E-Learning
,,,
Data Science Expert,Professional Recruitment -,"Riyadh, Saudi Arabia",Full TimeNot specified · R&D/Science · IT/Software Development · Engineering - Telecom/Technology · Information Technology (IT) · Science · Computer Science · Data Science · Microsoft Office · Administration · Data Entry
,,,
Data Scientist,Professional Recruitment -,"Riyadh, Saudi Arabia",Full TimeNot specified · IT/Software Development · Analyst/Research · Engineering - Telecom/Technology · Python · Computer Science · Information Technology (IT) · SQL · Data Science · Data Scientist · Machine Learning
,,,
SW Senior DevOps Engineer,Vodafone - Egypt Aggregated -,"Cairo, Egypt",Full TimeNot specified · Installation/Maintenance/Repair · IT/Software Development · Engineering - Telecom/Technology · Information Technology (IT) · Computer Science · DevOps · AWS · Software Engineering · Docker · Linux
,,,
Sr Backend Engineer,Nana Aggregated -,"Cairo, Egypt",Full TimeNot specified · IT/Software Development · Engineering - Telecom/Technology · Engineering - Mechanical/Electrical · Information Technology (IT) · Computer Science · Engineering · Software Development · Software Engineering · SQL · AWS
,,,
Learning & Development Manager,Hilton Aggregated -,"Cairo, Egypt",Full TimeNot specified · IT/Software Development · Engineering - Telecom/Technology · Education/Teaching · Education · Learning · Training · Information Technology (IT) · Computer Science · Teaching · E-Learning
,,,
"FORWARD EUROPEAN POWER TRADER - Dubai, UAE or Remote",Cobblestone Energy Aggregated -,"Dubai, United Arab Emirates",Full TimeWork From HomeNot specified · Marketing/PR/Advertising · Analyst/Research · Sales/Retail · advertising · indoor sales · marketing · outdoor sales · energy · python · trading
,,,
Solutions Architect Intern- KSA National,AWS EMEA SARL (Saudi Arabia Branch) -,"Riyadh, Saudi Arabia",Full TimeNot specified · IT/Software Development · Sales/Retail · Engineering - Telecom/Technology · information technology (it) · computer science · software development · engineering · java · php · aws
,,,
Backend Developer,Nahdet Misr Publishing Group -,"Mohandessin, Giza, Egypt",Full TimeEntry Level · 1 - 2 Yrs of Exp · IT/Software Development · Engineering - Telecom/Technology · Engineering - Other · backend · API · Computer Science · Information Technology (IT) · Java · Programming · Python
,,,
Data Scientist,DBS -,"Maadi, Cairo, Egypt",Full TimeExperienced · 3+ Yrs of Exp · Analyst/Research · Algorithms · Computer Science · Data Science · Information Technology (IT) · NumPy · Python · SQL · Machine Learning · data scientist
,,,
Value Added Services Engineer,Vodafone - Egypt Aggregated -,"Cairo, Egypt",Full TimeNot specified · IT/Software Development · Sales/Retail · Engineering - Telecom/Technology · information technology (it) · engineering · computer science · sales · sql · management · agile
,,,
Robotics / Computer Science Instructor for kids,Edu-Zone -,"Cairo, Egypt",Full TimePart TimeEntry Level · 1 - 3 Yrs of Exp · IT/Software Development · Engineering - Telecom/Technology · Education/Teaching · Software Development · Software Engineering · Java Software Development · Android Software · Computer Science · Computer Engineering · Computer Systems
,,,
Flight Data Analyst,Riyadh Air -,"Riyadh, Saudi Arabia",Full TimeNot specified · IT/Software Development · Analyst/Research · Engineering - Telecom/Technology · Data Analysis · Analysis · Computer Science · Information Technology (IT) · Microsoft Office · SQL · Microsoft Excel
,,,
Machine learning testing - Graduate intern,Si-Ware System -,"Cairo, Egypt",Full TimeNot specified · IT/Software Development · Analyst/Research · Engineering - Telecom/Technology · Machine Learning · Python · Computer Science · Information Technology (IT) · Software Engineering · C++ · Startup
,,,
Network Site Reliability Engineering Professional,IBM WTC Egypt -,"Cairo, Egypt",Full TimeNot specified · IT/Software Development · Engineering - Telecom/Technology · Engineering - Mechanical/Electrical · Computer Science · Engineering · Information Technology (IT) · AWS · DevOps · Ansible · Python
,,,
"Learning & Development Executive Human Resources · JA The Resort, Dubai",JA Resorts & Hotels -,"Dubai, United Arab Emirates",Full TimeNot specified · IT/Software Development · Engineering - Telecom/Technology · Education/Teaching · Education · Learning · Training · Information Technology (IT) · Computer Science · Teaching · E-Learning
,,,
Data Analyst Office,Almoosa Specialist Hospital -,"Riyadh, Saudi Arabia",Full TimeNot specified · IT/Software Development · Analyst/Research · Engineering - Telecom/Technology · Data Analysis · Analysis · Computer Science · Information Technology (IT) · Microsoft Office · SQL · Microsoft Excel
,,,
Senior Research Assistant,ICARDA Aggregated -,"Cairo, Egypt",Full TimeNot specified · Administration · Marketing/PR/Advertising · Analyst/Research · Research · Market Research · Marketing · Microsoft Office · Administration · Sales · Computer Science
,,,
Senior Odoo Developer,Confidential -,"New Nozha, Cairo, Egypt",Full TimeWork From HomeExperienced · 7 - 10 Yrs of Exp · Installation/Maintenance/Repair · IT/Software Development · Engineering - Telecom/Technology · Odoo · Information Technology (IT) · ERP · Odoo ERP · Accounting · Computer Science · Odoo Development
,,,
Jira Administrator,Adree -,"Riyadh, Saudi Arabia",Full TimeNot specified · Installation/Maintenance/Repair · IT/Software Development · Engineering - Telecom/Technology · Information Technology (IT) · Jira · Computer Science · Linux · Jenkins · System Administration · MongoDB
,,,
Senior Odoo Developer,OdooTec -,"New Cairo, Cairo, Egypt",Full TimeExperienced · 3+ Yrs of Exp · IT/Software Development · Python · Information Technology (IT) · Software Development · HTML · ERP · Odoo
,,,
Learning & Development Manager,Radisson Hotel Group Aggregated -,"Jeddah, Saudi Arabia",Full TimeNot specified · IT/Software Development · Engineering - Telecom/Technology · Education/Teaching · Education · Learning · Training · Information Technology (IT) · Computer Science · Teaching · E-Learning
,,,
Data Analyst,Momos -,"Dubai, United Arab Emirates",Full TimeNot specified · IT/Software Development · Analyst/Research · Engineering - Telecom/Technology · Data Analysis · Analysis · Computer Science · Information Technology (IT) · SQL · Microsoft Office · Microsoft Excel
,,,
Senior ARC GIS Developer,qTech.  -,"Mansoura, Dakahlia, Egypt",Full TimeExperienced · 3+ Yrs of Exp · IT/Software Development · Engineering - Telecom/Technology · Information Technology (IT) · Web Development · GIS · Software Development · System Analysis · Web Design · Software Engineering · Computer Science
,,,
Data Science Instructor,EpsilonAI -,"Nasr City, Cairo, Egypt",Full TimePart TimeExperienced · 1+ Yrs of Exp · IT/Software Development · Engineering - Telecom/Technology · Training/Instructor · Data Science · Computer Science · Computer Engineering · Python · Machine Learning · Deep Learning · Artificial Intelligence (AI)
,,,
Learning & Quality Manager,InterContinental Hotels Group Aggregated -,"Riyadh, Saudi Arabia",Full TimeNot specified · IT/Software Development · Engineering - Telecom/Technology · Education/Teaching · Education · Learning · Training · Information Technology (IT) · Computer Science · Teaching · E-Learning
,,,
Data Scientist - Section Head,IDH -,"6th of October, Giza, Egypt",Full TimeExperienced · 5 - 8 Yrs of Exp · Business Development · Data Science · data scientist · Computer Science · Python · SQL
,,,
Senior Python / Docker / Flask developer,GetTechForce.com -,"Cairo, Egypt",Full TimeWork From HomeManager · 3+ Yrs of Exp · IT/Software Development · Python · Flask · Docker · Kubernetes · ASGI Frameworks. · Grafana · Prometheus · Microservices
,,,
System Administrator,Xyris Digital Solutions -,"Cairo, Egypt",Full TimeEntry Level · 1+ Yrs of Exp · Installation/Maintenance/Repair · IT/Software Development · Engineering - Telecom/Technology · Computer Science · Information Technology (IT) · network · Networks · System Administration · System administrator · Engineering
,,,
Data Engineer,Cilantro -,"Maadi, Cairo, Egypt",Full TimeEntry Level · 1 - 3 Yrs of Exp · IT/Software Development · Engineering - Telecom/Technology · Computer Engineering · BI · Computer Science · Engineering · Information Technology (IT) · Python · SQL · OOP
,,,
Mid-level AI Engineer,Noases -,"Nasr City, Cairo, Egypt",Full TimeExperienced · 1 - 5 Yrs of Exp · IT/Software Development · Software Engineering · Information Technology (IT) · Computer Science · Computer Engineering · Programming · Python · NLP · Machine Learning
,,,
Devops Engineer,DAF Holding -,"Maadi, Cairo, Egypt",Full TimePart TimeExperienced · 2 - 4 Yrs of Exp · IT/Software Development · AWS · CI/CD · DevOps · Information Technology (IT) · Engineering · Python · Linux · Software Development · Kubernetes
,,,
Azure DevOps Engineer,National Technology -,"Nasr City, Cairo, Egypt",Full TimeExperienced · 1 - 3 Yrs of Exp · Installation/Maintenance/Repair · IT/Software Development · Engineering - Telecom/Technology · Agile · Computer Engineering · Computer Science · DevOps · Engineering · Docker · Information Technology (IT)
,,,
Sr. Devops Engineer,waffarha.com -,"Downtown, Cairo, Egypt",Full TimeExperienced · 3 - 5 Yrs of Exp · males_only · IT/Software Development · Engineering - Telecom/Technology · Engineering · DevOps · AWS · Software Development · Linux · Information Technology (IT) · Python · MySQL
,,,
Data Scientist | ML Engineer,Giza Systems -,"New Cairo, Cairo, Egypt",Full TimeExperienced · 5 - 12 Yrs of Exp · IT/Software Development · Computer Science · Data Science · data scientist · Information Technology (IT) · ML · Python · Data · Spark · SQL
,,,
Senior Site Reliability Engineer,Evolvice GmbH -,"Cairo, Egypt",Full TimeExperienced · 5 - 8 Yrs of Exp · IT/Software Development · Python · Architecture · Vmware
,,,
"Robotic Process Automation Analyst ""RPA Analyst""",Cilantro -,"Maadi, Cairo, Egypt",Full TimeEntry Level · 1 - 3 Yrs of Exp · IT/Software Development · Engineering - Telecom/Technology · Engineering - Mechanical/Electrical · Automation · Computer Engineering · Computer Science · Engineering · Information Technology (IT) · Python · RPA
,,,
Backend Developer,Confidential -,"Cairo, Egypt",Full TimeExperienced · 3 - 5 Yrs of Exp · males_only · IT/Software Development · Code · Python · Software Development · NoSQL · Programming · Databases
,,,
DevOps Engineer - Based in KSA,Brixio -,"Riyadh, Saudi Arabia",Full TimeNot specified · Installation/Maintenance/Repair · IT/Software Development · Engineering - Telecom/Technology · Computer Science · Information Technology (IT) · DevOps · Software Development · Software Engineering · Engineering · Computer Engineering
,,,
Coding Instructor (Full Time),iSchool Limited -,"Cairo, Egypt",Full TimeWork From HomeNot specified · IT/Software Development · Engineering - Telecom/Technology · Training/Instructor · computer science · information technology (it) · computer engineering · python · education · teaching · instructor
,,,
PHP Lead,LINK Development -,"Maadi, Cairo, Egypt",Full TimeWork From HomeManager · 5 - 15 Yrs of Exp · IT/Software Development · Operations/Management · Engineering - Telecom/Technology · PHP · Computer Science · Information Technology (IT) · Software Development · Engineering · Laravel · Drupal
,,,
Senior Integration Expert,Target Recruitment  & HR Solutions  -,"New Cairo, Cairo, Egypt",Full TimeManager · 8 - 10 Yrs of Exp · IT/Software Development · .Net · Agile · coding · Computer Science · Engineering · HTML · Information Technology (IT) · Integration · Java
,,,
Senior Odoo Developer,Boutiqaat -,"Heliopolis, Cairo, Egypt",Full TimeExperienced · 3 - 8 Yrs of Exp · Installation/Maintenance/Repair · IT/Software Development · Engineering - Telecom/Technology · Agile · Computer Science · Development · ERP · Information Technology (IT) · Odoo · Python
,,,
Odoo Developer,Confidential -,"Giza, Egypt",Full TimeExperienced · 2 - 5 Yrs of Exp · IT/Software Development · Engineering - Telecom/Technology · Computer Science · Design · Git · HTML · Information Technology (IT) · JavaScript · Odoo · ORM
,,,
Odoo Developer,IT PLICITY -,"Nasr City, Cairo, Egypt",Full TimeExperienced · 2 - 4 Yrs of Exp · IT/Software Development · Odoo · Python · JavaScript · PostgreSQL · Programming · BI · AI · XML · HTML
,,,
Big Data Engineer,Giza Systems -,"New Cairo, Cairo, Egypt",Full TimeExperienced · 2 - 5 Yrs of Exp · IT/Software Development · Engineering - Telecom/Technology · Big Data · Computer Engineering · Computer Science · Database · Design · Engineering · Information Technology (IT) · Java
,,,
Full Stack Developer,StoreUs -,"Cairo, Egypt",Full TimeExperienced · 3 - 5 Yrs of Exp · IT/Software Development · Full Stack · Information Technology (IT) · HTML · JavaScript · MySQL · PHP · Software Development · jQuery · CSS
,,,
Data Scientist,FlapKap -,"Maadi, Cairo, Egypt",Full TimeExperienced · 4+ Yrs of Exp · IT/Software Development · Analyst/Research · Engineering - Telecom/Technology · Data Science · Data · Machine Learning · Mathematics · Quantitative · Statistics · Python
,,,
Odoo Developer,Beyond Insurance Brokerage -,"Maadi, Cairo, Egypt",Full TimeExperienced · IT/Software Development · Information Technology (IT) · Odoo · Odoo Framework · Python · odoo16
,,,
Senior .NET Full Stack Developer (.NET Core & Angular),Lumin -,"Sheikh Zayed, Giza, Egypt",Full TimeExperienced · 4+ Yrs of Exp · IT/Software Development · Engineering - Telecom/Technology · ASP.NET · ADO.NET · C#.Net · .NET · .NEt Full Stack Developer · Full Stack Developer · java · Python
,,,
Software Developer,Atrium Egypt -,"Madinaty, Cairo, Egypt",Full TimeExperienced · 2 - 5 Yrs of Exp · IT/Software Development · Quality · Engineering - Telecom/Technology · Computer Science · Information Technology (IT) · English · Java · Software Engineering · Programming · Python
,,,
Technical Lead,Aman -,"6th of October, Giza, Egypt",Full TimeExperienced · 4 - 10 Yrs of Exp · IT/Software Development · Engineering - Telecom/Technology · Java · Agile · Angular · JavaScript · React · Software Development · Computer Science · Engineering
,,,
Integration Engineer,Expleo -,"Maadi, Cairo, Egypt",Full TimeExperienced · 1 - 6 Yrs of Exp · IT/Software Development · Python · Linux · SQL · Unix · SSL
,,,
Data Analyst,Aman -,"6th of October, Giza, Egypt",Full TimeEntry Level · 1 - 2 Yrs of Exp · Analyst/Research · Analysis · Analyst · Data · Data Analyst · Data Analysis · Statistics · Python · Tableau · SQL
,,,
Senior Data Analyst,Cilantro -,"Maadi, Cairo, Egypt",Full TimeExperienced · 4 - 6 Yrs of Exp · IT/Software Development · Analyst/Research · Engineering - Telecom/Technology · Analysis · analytical · Computer Science · Data Analysis · Data Analyst · Data · Programming
,,,
Senior Data Scientist - Hybrid,Seoudi Supermarket -,"Sheikh Zayed, Giza, Egypt",Full TimeExperienced · 3 - 5 Yrs of Exp · IT/Software Development · Analyst/Research · Engineering - Telecom/Technology · Data Analysis · Data Science · Analysis · Computer Science · Machine Learning · Python · SQL
,,,
Planning Engineer,Autocool -,"10th of Ramadan City, Sharqia, Egypt",Full TimeExperienced · 2 - 5 Yrs of Exp · Logistics/Supply Chain · Manufacturing/Production · Engineering - Mechanical/Electrical · Engineering · ERP System · Mechanical · Planning · Python · Project Management
,,,
Project Engineer,Autocool -,"10th of Ramadan City, Sharqia, Egypt",Full TimeExperienced · 2 - 4 Yrs of Exp · Operations/Management · Manufacturing/Production · Engineering - Mechanical/Electrical · Manufacturing · Engineering · Project Management · Python · Project · Communication
,,,
Quality Control Engineer,Autocool -,"10th of Ramadan City, Sharqia, Egypt",Full TimeExperienced · 2 - 5 Yrs of Exp · Manufacturing/Production · Quality · Automotive · Industry · Mechanical Engineering · Quality Control · ERP · Quality Management · Mechanical · Quality Assurance
,,,
Odoo Developer,classera -,"New Cairo, Cairo, Egypt",Full TimeExperienced · 3+ Yrs of Exp · IT/Software Development · Engineering - Telecom/Technology · Programming · Computer Science · HTML · XML · jQuery · Odoo · PostgreSQL · JavaScript
,,,
ERPNext Developer,Confidential -,"Maadi, Cairo, Egypt",Full TimeExperienced · 3 - 6 Yrs of Exp · IT/Software Development · APIs · erpnext · Python · HTML · CSS · JavaScript · Web · Computer Science
,,,
ERPNext Developer,Pro Dev Tech  -,"Cairo, Egypt",Full TimeExperienced · 4+ Yrs of Exp · IT/Software Development · ERP · ERP System · ERP Solutions · ERP Applications · Computer Science · erpnext · HTML · JavaScript · Jinja
,,,
Senior Full Stack Developer,Robiquity -,"New Cairo, Cairo, Egypt",Full TimeExperienced · 3 - 5 Yrs of Exp · IT/Software Development · Engineering - Telecom/Technology · Computer Science · Python · JavaScript · Software Development · CSS · Full Stack · SQL · Web Development
,,,
Application Development Supervisor,Xceed Contact Center -,"Maadi, Cairo, Egypt",Full TimeExperienced · 5 - 5 Yrs of Exp · IT/Software Development · Engineering - Telecom/Technology · Software · Programming · SQL · Software Engineering · Software Development · Computer Science · Engineering · Python
,,,
"Front End Odoo Developer (POS,E-commerce)",Peerless -,"Mohandessin, Giza, Egypt",Full TimeExperienced · 3 - 5 Yrs of Exp · IT/Software Development · Python · JavaScript
,,,
AWS Solution Architect,Pro Dev Tech  -,"Cairo, Egypt",Full TimeExperienced · 4+ Yrs of Exp · IT/Software Development · AWS · Agile · Computer Engineering · Computer Science · DevOps · Engineering · Information Technology (IT) · Cloud · Java
,,,
DevOps Manager,Pro Dev Tech  -,"Cairo, Egypt",Full TimeManager · 7 - 10 Yrs of Exp · IT/Software Development · Computer Engineering · Computer Science · Cloud · DevOps · Information Technology (IT) · Management · Linux · Oracle · Python
,,,
Odoo Developer,2CooM -,"6th of October, Giza, Egypt",Full TimeExperienced · 2 - 3 Yrs of Exp · IT/Software Development · Engineering - Telecom/Technology · Computer Science · Engineering · Software Engineering · Python · Odoo Development · Odoo ERP · CSS · Git
,,,
Data Analyst,2CooM -,"6th of October, Giza, Egypt",Full TimeExperienced · 1 - 5 Yrs of Exp · IT/Software Development · Analyst/Research · Analyst · Computer Science · Data Analyst · Python · SQL
,,,
Data Analyst,Al Asdekaa Group for Dairies Production and Trading -,"Alexandria, Egypt",Full TimeEntry Level · 1 - 3 Yrs of Exp · males_only · Marketing/PR/Advertising · Analyst/Research · Data · Data Analyst · Python
,,,
Odoo Developer,JRM for Communications -,"Nasr City, Cairo, Egypt",Full TimeEntry Level · 1 - 3 Yrs of Exp · IT/Software Development · Odoo · Python · Programming · Computer Science · CRM
,,,
Junior IT Specialist & software developer,Jessour Misr -,"Abu Rawash, Giza, Egypt",Full TimeEntry Level · 1 - 2 Yrs of Exp · Installation/Maintenance/Repair · IT/Software Development · Engineering - Telecom/Technology · Computer Engineering · Information Technology (IT) · Software Engineering · Software Development · PHP · Java · Odoo
,,,
Backend Developer,intella -,"Dokki, Giza, Egypt",Full TimeExperienced · 3 - 5 Yrs of Exp · IT/Software Development · Engineering - Telecom/Technology · backend · Computer Science · engineer · Software · Software Development · Software Engineering · Software engineer · Information Technology (IT)
,,,
Senior Devops Engineer,Octane solutions  -,"Cairo, Egypt",Full TimeExperienced · 5 - 7 Yrs of Exp · Installation/Maintenance/Repair · IT/Software Development · Engineering - Telecom/Technology · Automation · AWS · Cloud · Computer Science · Docker · Engineering · Information Technology (IT)
,,,
"QA Engineer, Fintech",Optasia -,"Cairo, Egypt",Full TimeExperienced · 3 - 7 Yrs of Exp · IT/Software Development · Quality · QA · quality · Quality Assurance · Quality Control · Software · SQL · Python · Engineering
,,,
System Administrator,Servmix -,"Cairo, Egypt",Full TimeExperienced · 1+ Yrs of Exp · Administration · IT/Software Development · Engineering - Telecom/Technology · Computer Science · Information Technology (IT) · Linux · Python · MySQL · WordPress · WHMCS
,,,
Senior Odoo Developer,ITSS -,"Maadi, Cairo, Egypt",Full TimeExperienced · 3 - 4 Yrs of Exp · IT/Software Development · Computer Science · JavaScript · Python · Software Development · HTML · APIs · XML · Software Engineering
,,,
Senior Full Stack Developer,GetTechForce.com -,"Cairo, Egypt",Full TimeWork From HomeManager · 3+ Yrs of Exp · IT/Software Development · Full Stack Developer · Information Technology (IT) · Git · React Native · Python · Angular · Google cloud platforms
,,,
Senior Data Engineer - Remote,GetTechForce.com -,"Cairo, Egypt",Work From HomeManager · 3+ Yrs of Exp · IT/Software Development · Python · Java · SQL · Big Data · Information Analysis · Computer Science
,,,
Application Support Engineer,NewTech Company -,"Garden City, Cairo, Egypt",Full TimeExperienced · 5 - 10 Yrs of Exp · IT/Software Development · Information Technology (IT) · Engineering · ERP · Infrastructure
,,,
Odoo Developer / Consultant,etmana -,"Katameya, Cairo, Egypt",Full TimeExperienced · 3 - 5 Yrs of Exp · IT/Software Development · Odoo · Odoo Framework · Information Technology (IT) · E-Commerce · Computer Science
,,,
Odoo Developer,GMC -,"Maadi, Cairo, Egypt",Full TimeEntry Level · 2 - 4 Yrs of Exp · IT/Software Development · Engineering - Telecom/Technology · Computer Science · Development · Design · Information Technology (IT) · Odoo Development · Software Development · Odoo · Linux
,,,
MIS Specialis,Etisalat Egypt -,"Maadi, Cairo, Egypt",Full TimeExperienced · 0 - 5 Yrs of Exp · IT/Software Development · MIS · Financial Data Analysis · Data Analysis · powerbI · SQL
,,,
WordPress Software Engineer,9H Capital  -,"Cairo, Egypt",Full TimeWork From HomeExperienced · 4 - 8 Yrs of Exp · IT/Software Development · Quality · Engineering - Telecom/Technology · Computer Science · CSS3 · HTML5 · Information Technology (IT) · JavaScript · MVC · MySQL
,,,
Senior Software Testing Engineer,Aman -,"6th of October, Giza, Egypt",Full TimeExperienced · 2 - 4 Yrs of Exp · IT/Software Development · Quality · Engineering - Telecom/Technology · Information Technology (IT) · Quality Assurance · Software Development · Computer Science · Software Engineering · Software · Testing
,,,
Sr. Back-end Engineer,Ashtar Tech  -,"Maadi, Cairo, Egypt",Full TimeExperienced · 1 - 3 Yrs of Exp · IT/Software Development · back-end · Node.js · APIs · REST
,,,
General Accountant,Perfect tech -,"Nasr City, Cairo, Egypt",Full TimeSenior Management · 2 - 3 Yrs of Exp · Accounting/Finance · Accounting · Finance · Financial Analysis
,,,
SOC engineer,Alexandria Business Association- SMEs Project -,"Alexandria, Egypt",Full TimeEntry Level · 0 - 1 Yrs of Exp · Installation/Maintenance/Repair · IT/Software Development · Engineering - Telecom/Technology · Computer Engineering · Network Security · Information Technology (IT) · Network · Security · Computer Science
,,,
Junior System Administrator,IDH -,"6th of October, Giza, Egypt",Full TimeEntry Level · 2 - 4 Yrs of Exp · IT/Software Development · Administration · Information Technology (IT)
,,,
Junior Power Platform Architect,Transmar International  -,"New Cairo, Cairo, Egypt",Full TimeEntry Level · 1 - 3 Yrs of Exp · IT/Software Development · Power Apps · Power Platform · Solutions Architect
,,,
Artificial Intelligence Team Leader,Wakeb Data -,"Mohandessin, Giza, Egypt",Full TimeExperienced · 4 - 6 Yrs of Exp · IT/Software Development · Artificial Intelligence (AI) · Data Analysis · Algorithms · Web Frameworks · Computer Science
,,,
Data Analyst,Confidential -,"Cairo, Egypt",Full TimeExperienced · 4 - 5 Yrs of Exp · Analyst/Research · Analysis · SQL · Computer Science · Tableau
,,,
Laravel Developer,Storage it Solutions -,"Nasr City, Cairo, Egypt",Full TimeExperienced · 5 - 7 Yrs of Exp · IT/Software Development · Computer Science · APIs · Git · Information Technology (IT) · Laravel · PHP · jQuery · JavaScript · HTML
,,,
Cross-Platform Full Stack Developer,Dakkaken -,"Nasr City, Cairo, Egypt",Full TimeExperienced · 4 - 7 Yrs of Exp · IT/Software Development · Full Stack · Cross-platform
,,,
System Administrator,Azza Fahmy Jewellery -,"6th of October, Giza, Egypt",Full TimeExperienced · 3 - 5 Yrs of Exp · Administration · IT/Software Development · Communication skills · Information Technology (IT) · Computer Science · System Administration
,,,
Industrial Engineer,Autocool -,"10th of Ramadan City, Sharqia, Egypt",Full TimeExperienced · 2 - 5 Yrs of Exp · Manufacturing/Production · Engineering - Mechanical/Electrical · Engineering - Other · Engineering · Industrial · Industrial Engineering · Mechanical Engineering · Six Sigma · Production · LEAN
,,,
Full Stack Web,Confidential -,"Nasr City, Cairo, Egypt",Full TimeExperienced · 3 - 4 Yrs of Exp · Creative/Design/Art · IT/Software Development · Engineering - Telecom/Technology · Computer Science · CSS · Full Stack · HTML · Software Development · Information Technology (IT) · Java
,,,
Full Stack Developer,NTG Clarity -,"Giza, Egypt",Full TimeExperienced · 2 - 10 Yrs of Exp · IT/Software Development · Angular · Java
,,,
Full Stack Developer,Confidential -,"6th of October, Giza, Egypt",Full TimeExperienced · 2 - 5 Yrs of Exp · IT/Software Development · Full Stack · HTML · Information Technology (IT) · JavaScript · Java · MySQL · jQuery · Computer Science · Angular
,,,
Senior Linux Engineer,Al Ahly Momkn for e-payment -,"Maadi, Cairo, Egypt",Full TimeExperienced · 3 - 5 Yrs of Exp · IT/Software Development · Linux · Redhat
,,,
Full Stack Developer,proleaders -,"Alexandria, Egypt",Full TimeExperienced · 5 - 10 Yrs of Exp · IT/Software Development · Full Stack · HTML · Computer Science · Java · MySQL · Software Development
,,,
Senior Full Stack Developer,Confidential -,"Cairo, Egypt",Full TimeExperienced · 5 - 7 Yrs of Exp · IT/Software Development · Other · Engineering - Telecom/Technology · Full Stack · Computer Science
,,,
"Full time Senior ASP Net Core, Blazor Full Stack Developer",Sinmar Soft  -,"New Nozha, Cairo, Egypt",Full TimeExperienced · 3 - 10 Yrs of Exp · IT/Software Development · Project/Program Management · Engineering - Telecom/Technology · blazor · MVC · ASP.NET Core · c#.net · ASP.net MVC 5
,,,
Senior Software Quality Engineer,Human Quality -,"Cairo, Egypt",Full TimeExperienced · 3 - 7 Yrs of Exp · IT/Software Development · Quality · Agile · Computer Science · Engineering · Software Development · Software Engineering · Software Testing · Information Technology (IT) · JavaScript
,,,
full stack mobile developer . flutter And laravel,jmskef -,"Banha, Qalubia, Egypt",Full TimeSenior Management · 5 - 20 Yrs of Exp · IT/Software Development · Full Stack Development · Laravel PHP · Mobile Application Development · flutter · JavaScript
,,,
Senior Backend Developer,Al-hakeema -,"Nasr City, Cairo, Egypt",Full TimeExperienced · 3 - 5 Yrs of Exp · males_only · IT/Software Development · backend · Computer Science · Laravel · MVC · Node.js · PHP · Software Development · Software Engineering · Information Technology (IT)
,,,
Senior Software Automation Tester,Wakeb Data -,"Mohandessin, Giza, Egypt",Full TimeExperienced · 5 - 6 Yrs of Exp · IT/Software Development · Quality · Engineering - Telecom/Technology · Automation · Software Automation · Quality Control · Software Testing
,,,
Technical Business Analyst,Ewa  -,"Cairo, Egypt",Full TimeExperienced · 2 - 4 Yrs of Exp · IT/Software Development · Analyst/Research · business · Business Analysis · Computer Science
,,,
Data Analyst,Care Services EG -,"Abbassia, Cairo, Egypt",Full TimeExperienced · 3 - 5 Yrs of Exp · IT/Software Development · Analyst/Research · Analysis · analytical · BI · Computer Science · SQL · Statistics · Tableau · Data Analysis
,,,
Software Development Manager,3i Vision LTD. -,"Hadayek Alahram, Giza, Egypt",Full TimeWork From HomeManager · 7 - 15 Yrs of Exp · IT/Software Development · Agile · Angular · Computer Science · .Net · Engineering · SQL · Software · Management · Project Management
,,,
AI BI Research Engineer,Ewa  -,"Cairo, Egypt",Full TimeSenior Management · 5 - 7 Yrs of Exp · Engineering - Construction/Civil/Architecture · AI · Artificial Intelligence · Business Intelligence · BI
,,,
Full Stack Team Lead,SATA Group -,"Nasr City, Cairo, Egypt","Full TimeExperienced · 3 - 5 Yrs of Exp · IT/Software Development · Sql, Node Js, Angular, .net, postman · Computer Science"
,,,
Computer Science Instructor (For Kids),Edu-Zone -,"New Cairo, Cairo, Egypt",Full TimePart TimeEntry Level · 0 - 3 Yrs of Exp · females_preferred · IT/Software Development · Engineering - Telecom/Technology · Training/Instructor · Teaching · Education · STEAM · Computer Skills · Astronomy · Science · Physics
,,,
Data Scientist,Confidential -,"Maadi, Cairo, Egypt",Freelance / ProjectExperienced · 2 - 3 Yrs of Exp · Marketing/PR/Advertising · Computer Science · Data · Data Science · data scientist · Information Technology (IT) · scientist
,,,
Odoo Developer,Alouf Travel -,"6th of October, Giza, Egypt",Full TimeExperienced · 2 - 5 Yrs of Exp · Installation/Maintenance/Repair · IT/Software Development · Engineering - Telecom/Technology · Database · ERP · Information Technology (IT) · Odoo · OpenERP · Computer Science · Maintenance
,,,
Mid Level - Web Developer,Softxpert Incorporation  -,"Alexandria, Egypt",Full TimeExperienced · 2 - 3 Yrs of Exp · IT/Software Development · Software · Software Development · Engineering · Computer Science · Software Engineering · Web Development · Git
,,,
AI And Machine Learning Engineer,Pro Dev Tech  -,"Cairo, Egypt",Full TimeExperienced · 4+ Yrs of Exp · IT/Software Development · AI · Artificial Intelligence · Information Technology (IT) · Machine Learning · Computer Science · Software Engineering · Programming
,,,
WordPress Developer,Horizon Agency -,"New Cairo, Cairo, Egypt",Full TimeExperienced · 2+ Yrs of Exp · IT/Software Development · Engineering - Telecom/Technology · WordPress · PHP · CSS · HTML · React · JavaScript · SQL · Information Technology (IT)
,,,
IOT Team Leader,Noases -,"Nasr City, Cairo, Egypt",Full TimeExperienced · 5 - 5 Yrs of Exp · IT/Software Development · Information Technology (IT) · Software · SQL · JSON · Communication · Software Development · Embedded System · IOT · Algorithms
,,,
Senior Front End Developer,Options -,"Mohandessin, Giza, Egypt",Full TimeExperienced · 3 - 5 Yrs of Exp · IT/Software Development · Front-End Development · front-end web development · HTML5 · CSS3 · JavaScript · jQuery
,,,
TS and/or PHP Developer,ABC Hosting Ltd -,"Downtown, Cairo, Egypt",Full TimePart TimeWork From HomeExperienced · 1 - 5 Yrs of Exp · IT/Software Development · Typescript · PHP · Node.js · Git · JavaScript · OOP · MySQL
,,,
Full Stack Web Developer,IQRA Network -,"Cairo, Egypt",Full TimeWork From HomeExperienced · 3 - 5 Yrs of Exp · Creative/Design/Art · IT/Software Development · Engineering - Telecom/Technology · Computer Science · Full Stack · HTML · Information Technology (IT) · Java · JavaScript · jQuery
,,,
Senior IOT Engineer,Noases -,"Nasr City, Cairo, Egypt",Full TimeExperienced · 3 - 5 Yrs of Exp · IT/Software Development · Information Technology (IT) · Software Development · MySQL · SQL · Software · Engineering
,,,
Senior R&D Mechatronics Engineer,Noases -,"Nasr City, Cairo, Egypt",Full TimeExperienced · 2 - 5 Yrs of Exp · Engineering - Mechanical/Electrical · Mechatronics · Engineering · Information Technology (IT) · Mechanical · Software · SolidWorks · Computer Science · 3D · Design
,,,
ERPNext Customizer,ASTROCOM LLC-FZ -,"Cairo, Egypt",Work From HomeExperienced · 2 - 4 Yrs of Exp · IT/Software Development · ERPNext · ERPNext Customizer · ERPNext Impelementation
,,,
Senior Odoo Developer,Perfect tech -,"Nasr City, Cairo, Egypt",Full TimeSenior Management · 3 - 5 Yrs of Exp · Business Development · IT/Software Development · Engineering - Telecom/Technology · developer · Computer Science · Information Technology (IT) · Odoo Developer · senior · Software Development · Software Engineering
,,,
Senior Backend Developer Magento,Seoudi Supermarket -,"Sheikh Zayed, Giza, Egypt",Full TimeExperienced · 3 - 5 Yrs of Exp · Business Development · IT/Software Development · Engineering - Telecom/Technology · HTML · Information Technology (IT) · Java · Web Development · Software Engineering · Computer Science · Software Development
,,,
Senior Software Engineer,Foreground Consultancy -,"Dubai, United Arab Emirates",Full TimeNot specified · IT/Software Development · Quality · Engineering - Telecom/Technology · Information Technology (IT) · Computer Science · Engineering · Software Development · Software Engineering · Computer Engineering · Quality Control
,,,
System Administrator,MedVAlley S.A.E -,"New Cairo, Cairo, Egypt",Full TimeShift BasedEntry Level · 3 - 5 Yrs of Exp · IT/Software Development · Administrator · Information Technology (IT) · Computer Science · Networks · Security · LAN · System administrator · System Administration · WAN
,,,
Senior QA Engineer,Agolo Egypt -,"Cairo, Egypt",Full TimeExperienced · 4 - 8 Yrs of Exp · IT/Software Development · QA · Java · Computer Science · Software Testing · AI · Quality Assurance
,,,
Full Stack Developer,TTC Technologies -,"Heliopolis, Cairo, Egypt",Full TimeExperienced · 3 - 6 Yrs of Exp · IT/Software Development · Engineering - Telecom/Technology · Full Stack · Software Development · Computer Science · Information Technology (IT) · SQL · Software · javaScript · PHP
,,,
Test Automation Engineer,Al Safy -,"Cairo, Egypt",Full TimeManager · 7 - 9 Yrs of Exp · IT/Software Development · Quality · Engineering - Telecom/Technology · QA · Quality Assurance · Quality Control · Computer Science · Testing · ALM · Selenium
,,,
Senior Software Quality Engineer,Easy Cash -,"Heliopolis, Cairo, Egypt",Full TimeExperienced · 5 - 8 Yrs of Exp · IT/Software Development · Quality · Engineering - Telecom/Technology · Agile · QA · QC · quality · Quality Assurance · Software · Software Development
,,,
Senior Cloud Automation Engineer,Evolvice GmbH -,"Cairo, Egypt",Full TimeExperienced · 4 - 8 Yrs of Exp · IT/Software Development · AWS · Engineering
,,,
IT Systems Administrator,Confidential -,"Nasr City, Cairo, Egypt",Full TimeExperienced · 4 - 6 Yrs of Exp · Installation/Maintenance/Repair · IT/Software Development · Engineering - Telecom/Technology · Information Technology (IT) · Administration · Computer Engineering · Engineering · IP · network · Networking
,,,
Senior DevOps Engineer,MoneyFellows Aggregated -,"Cairo, Egypt",Full TimeNot specified · IT/Software Development · Engineering - Telecom/Technology · Engineering - Mechanical/Electrical · Engineering · Information Technology (IT) · Computer Science · Software Engineering · Software Development · Computer Engineering · Mechanical Engineering
,,,
Localization Engineer,BayanTech -,"Cairo, Egypt",Full TimeNot specified · IT/Software Development · Purchasing/Procurement · Engineering - Telecom/Technology · Engineering · CAT · Computer Science · Information Technology (IT) · Localization · Translation · Purchasing
,,,
Quality Assurance Tester,Al Ahly capital holding - Al Ahly Tamkeen -,"Maadi, Cairo, Egypt",Full TimeEntry Level · 1 - 3 Yrs of Exp · IT/Software Development · Quality · Quality Assurance · QA · Computer Science · Testing · SQL · ITIL · Software · Quality Control
,,,
Application Senior Developer,Sky logistics -,"6th of October, Giza, Egypt",Full TimeExperienced · 2 - 5 Yrs of Exp · IT/Software Development · Software Development · Information Technology (IT) · JavaScript · Git · Computer Science · SQL · Software Engineering
,,,
Senior Localization Engineer,BayanTech -,"Cairo, Egypt",Full TimeNot specified · IT/Software Development · Engineering - Telecom/Technology · Engineering - Mechanical/Electrical · Engineering · Information Technology (IT) · Computer Science · Software Engineering · Software Development · Computer Engineering · Mechanical Engineering
,,,
Devops Engineer,eVision -,"New Cairo, Cairo, Egypt",Full TimeExperienced · 2 - 5 Yrs of Exp · IT/Software Development · DevOps · Information Technology (IT) · Oracle · Engineering · Computer Science · Agile
,,,
Senior Full Stack Developer Angular and Java,TRIMETIS -,"Maadi, Cairo, Egypt",Full TimeWork From HomeManager · 7 - 10 Yrs of Exp · IT/Software Development · Engineering - Telecom/Technology · Computer Science · Information Technology (IT) · Java · JavaScript · Communication skills · Software Development · Angular · Full Stack
,,,
Software Quality Control and Tester,Erpplus5 -,"Maadi, Cairo, Egypt",Full TimeExperienced · 2 - 5 Yrs of Exp · IT/Software Development · Quality · ISTQB · Quality Assurance · Quality Control · Software Testing · Testing · Agile · Software
,,,
IP Packet & Security Sr. Solution Architect _VOIS,Vodafone - Egypt Aggregated -,"Cairo, Egypt",Full TimeNot specified · Installation/Maintenance/Repair · IT/Software Development · Engineering - Telecom/Technology · requirements · technologies · telecommunications · provider · design
,,,
Solutions & Analytics Analyst,Etihad Airways -,"Abu Dhabi, United Arab Emirates",Full TimeNot specified · IT/Software Development · Sales/Retail · Engineering - Telecom/Technology · Information Technology (IT) · Computer Science · Sales · Sales Skills · Engineering · Sales Target · Software Engineering
,,,
Systems Engineer (US Time Zone),Pixelogic Media Partners LLC -,"Cairo, Egypt",Full TimeNot specified · Installation/Maintenance/Repair · IT/Software Development · Engineering - Telecom/Technology · Information Technology (IT) · Computer Science · Engineering · Computer Engineering · Software Engineering · Installation · Software Development
,,,
Senior Full Stack Developer (Angular / Java),Confidential -,"Cairo, Egypt",Full TimeWork From HomeExperienced · 6 - 10 Yrs of Exp · IT/Software Development · Angular · Java · Full Stack Development
,,,
Senior Quality Assurance Testers,Al Ahly capital holding - Al Ahly Tamkeen -,"Cairo, Egypt",Full TimeExperienced · 3 - 5 Yrs of Exp · IT/Software Development · Quality · Software · Information Technology (IT) · Quality Assurance · Testing · Software Testing
